<?xml version="1.0"?>
<!-- This file has been generated. Do NOT edit it.
     For changes edit the original instead.
-->
<ncs-package xmlns="http://tail-f.com/ns/ncs-packages">
  <name>juniper-junos-nc-1.0</name>
  <package-version>1.0</package-version>
  <description>Generated netconf package</description>
  <ncs-min-version>5.5</ncs-min-version>
  <component>
    <name>juniper-junos</name>
    <ned>
      <netconf>
        <ned-id xmlns:id="http://tail-f.com/ns/ned-id/juniper-junos-nc-1.0">id:juniper-junos-nc-1.0</ned-id>
      </netconf>
      <device>
        <vendor>Acme</vendor>
      </device>
    </ned>
  </component>
</ncs-package>
