 <edit-config xmlns:nc='urn:ietf:params:xml:ns:netconf:base:1.0'>
  <target>
   <running/>
  </target>
  <test-option>test-then-set</test-option>
  <error-option>rollback-on-error</error-option>
  <config>
   <authors xmlns="http://example.com/ns/bookzone"
            xmlns:nc="urn:ietf:params:xml:ns:netconf:base:1.0">
    <author>
     <name>Michael Ende</name>
     <account-id nc:operation="replace">1001</account-id>
    </author>
    <author nc:operation="delete">
     <name>Sun Tzu</name>
    </author>
   </authors>
   <books xmlns="http://example.com/ns/bookzone"
          xmlns:nc="urn:ietf:params:xml:ns:netconf:base:1.0">
    <book>
     <title>The Buried Giant</title>
     <author>Kazuo Ishiguro</author>
     <language>english</language>
     <format>
      <isbn>9781467600217</isbn>
      <format-id>mp3</format-id>
      <price>55</price>
     </format>
    </book>
    <book>
     <title>The Neverending Story</title>
     <format>
      <isbn>9780140386332</isbn>
      <price nc:operation="merge">16.5</price>
     </format>
    </book>
    <book nc:operation="remove">
     <title>The Art of War</title>
    </book>
   </books>
   <authors xmlns="http://example.com/ns/bookzone"
            xmlns:nc="urn:ietf:params:xml:ns:netconf:base:1.0">
    <author nc:operation="create">
     <name>Kazuo Ishiguro</name>
     <account-id>2017</account-id>
    </author>
   </authors>
  </config>
 </edit-config>